Player,Borda Points
Trout,23.676190476190474
Betts,18.833333333333336
Altuve,9.15
Donaldson,7.852777777777779
Ortiz,6.030952380952383
Beltre,5.327777777777778
Machado,5.307539682539684
Cano,3.3908730158730163
Lindor,2.5408730158730166
Cabrera,2.5035714285714286
Britton,0.6583333333333332
Dozier,0.6361111111111111
Seager,0.48571428571428565
Encarnacion,0.4361111111111111
Cruz,0.3916666666666666
Sale,0.125
Verlander,0.1111111111111111
Ramirez,0.1111111111111111
Eaton,0.1
Kluber,0.1
Longoria,0.1
